Idx,Idx,Open,High,Low,Close,Volume,Date
0,0,255.25,256.79998779296875,255.0500030517578,256.5174865722656,2273358,2025-10-01 09:30:00
1,1,256.489990234375,258.7900085449219,256.4100036621094,258.04998779296875,2000386,2025-10-01 09:35:00
2,2,258.0400085449219,258.44000244140625,257.3599853515625,257.6700134277344,761885,2025-10-01 09:40:00
3,3,257.6499938964844,257.6791076660156,255.42999267578125,255.4499969482422,895502,2025-10-01 09:45:00
4,4,255.41000366210938,256.29998779296875,255.27999877929688,256.25,685963,2025-10-01 09:50:00
5,5,256.239990234375,256.5599060058594,255.86500549316406,256.5050048828125,526245,2025-10-01 09:55:00
6,6,256.5150146484375,256.739990234375,256.03009033203125,256.42999267578125,388662,2025-10-01 10:00:00
7,7,256.4200134277344,256.4200134277344,255.72999572753906,255.85009765625,399986,2025-10-01 10:05:00
8,8,255.8800048828125,256.07989501953125,255.43499755859375,255.97999572753906,361414,2025-10-01 10:10:00
9,9,255.9875030517578,257.0299987792969,255.94000244140625,256.9800109863281,455803,2025-10-01 10:15:00
10,10,256.9855041503906,257.3299865722656,256.625,256.7226867675781,401460,2025-10-01 10:20:00
11,11,256.7284851074219,256.82000732421875,256.1614074707031,256.1614074707031,526779,2025-10-01 10:25:00
12,12,256.17999267578125,256.2590026855469,255.39999389648438,255.8459014892578,414047,2025-10-01 10:30:00
13,13,255.8350067138672,255.99000549316406,255.610107421875,255.8300018310547,268056,2025-10-01 10:35:00
14,14,255.82000732421875,255.83999633789062,255.5,255.5500030517578,255297,2025-10-01 10:40:00
15,15,255.55999755859375,255.94500732421875,255.50999450683594,255.80999755859375,228872,2025-10-01 10:45:00
16,16,255.80999755859375,255.92999267578125,255.52999877929688,255.8000030517578,234250,2025-10-01 10:50:00
17,17,255.8000030517578,255.94369506835938,255.52999877929688,255.52999877929688,177761,2025-10-01 10:55:00
18,18,255.52999877929688,255.63999938964844,255.3800048828125,255.45489501953125,243837,2025-10-01 11:00:00
19,19,255.4600067138672,255.6199951171875,255.3000030517578,255.3865966796875,291876,2025-10-01 11:05:00
20,20,255.375,255.6352996826172,255.1999969482422,255.5500030517578,236103,2025-10-01 11:10:00
21,21,255.5384063720703,255.5800018310547,255.22000122070312,255.4199981689453,220967,2025-10-01 11:15:00
22,22,255.41000366210938,255.50999450683594,255.2100067138672,255.22999572753906,216608,2025-10-01 11:20:00
23,23,255.27000427246094,255.5449981689453,255.10000610351562,255.52450561523438,184400,2025-10-01 11:25:00
24,24,255.5301055908203,255.82969665527344,255.51499938964844,255.5659942626953,248644,2025-10-01 11:30:00
25,25,255.5449981689453,255.86000061035156,255.50999450683594,255.8300018310547,146762,2025-10-01 11:35:00
26,26,255.83999633789062,255.88999938964844,255.69000244140625,255.7949981689453,134969,2025-10-01 11:40:00
27,27,255.7949981689453,256.0400085449219,255.6199951171875,255.68499755859375,210543,2025-10-01 11:45:00
28,28,255.6855926513672,255.7899932861328,255.5500030517578,255.7899932861328,176698,2025-10-01 11:50:00
29,29,255.7899932861328,256.1199951171875,255.72000122070312,256.1000061035156,218806,2025-10-01 11:55:00
30,30,256.1000061035156,256.4700012207031,256.0899963378906,256.3599853515625,214298,2025-10-01 12:00:00
31,31,256.3550109863281,256.55999755859375,256.3085021972656,256.489990234375,216299,2025-10-01 12:05:00
32,32,256.4599914550781,256.9200134277344,256.45001220703125,256.6400146484375,261809,2025-10-01 12:10:00
33,33,256.6400146484375,256.6400146484375,256.20001220703125,256.20001220703125,195398,2025-10-01 12:15:00
34,34,256.20001220703125,256.2099914550781,255.93760681152344,256.06500244140625,159436,2025-10-01 12:20:00
35,35,256.0799865722656,256.2760009765625,256.05999755859375,256.1600036621094,155080,2025-10-01 12:25:00
36,36,256.1636047363281,256.389892578125,256.05999755859375,256.07000732421875,189622,2025-10-01 12:30:00
37,37,256.0700988769531,256.510009765625,256.0299987792969,256.4800109863281,191862,2025-10-01 12:35:00
38,38,256.4649963378906,256.6300048828125,256.25,256.260009765625,143744,2025-10-01 12:40:00
39,39,256.25,256.55999755859375,256.1199951171875,256.42498779296875,132146,2025-10-01 12:45:00
40,40,256.42498779296875,256.56500244140625,256.29010009765625,256.4049987792969,118888,2025-10-01 12:50:00
41,41,256.3901062011719,256.4986877441406,256.3399963378906,256.45318603515625,117691,2025-10-01 12:55:00
42,42,256.4599914550781,256.8298034667969,256.4599914550781,256.6000061035156,187273,2025-10-01 13:00:00
43,43,256.598388671875,256.6499938964844,256.489990234375,256.5400085449219,147231,2025-10-01 13:05:00
44,44,256.5150146484375,256.5299987792969,256.0249938964844,256.0400085449219,162005,2025-10-01 13:10:00
45,45,256.0400085449219,256.2300109863281,255.98300170898438,256.0950012207031,170392,2025-10-01 13:15:00
46,46,256.0950012207031,256.2200012207031,256.02099609375,256.0299987792969,115842,2025-10-01 13:20:00
47,47,256.010009765625,256.18499755859375,255.85499572753906,256.1404113769531,149991,2025-10-01 13:25:00
48,48,256.1650085449219,256.2200012207031,256.05999755859375,256.0683898925781,8096483,2025-10-01 13:30:00
49,49,256.0880126953125,256.4599914550781,256.0783996582031,256.3399963378906,204746,2025-10-01 13:35:00
50,50,256.364990234375,256.5,256.2650146484375,256.3599853515625,195739,2025-10-01 13:40:00
51,51,256.3699951171875,256.4100036621094,256.2149963378906,256.31500244140625,163940,2025-10-01 13:45:00
52,52,256.30010986328125,256.45001220703125,256.2449951171875,256.41070556640625,154779,2025-10-01 13:50:00
53,53,256.4013977050781,256.55999755859375,256.34130859375,256.4560852050781,177929,2025-10-01 13:55:00
54,54,256.4512023925781,256.6700134277344,256.4200134277344,256.54998779296875,242398,2025-10-01 14:00:00
55,55,256.5799865722656,256.6499938964844,256.4800109863281,256.5299987792969,195597,2025-10-01 14:05:00
56,56,256.52508544921875,256.6499938964844,256.3999938964844,256.5899963378906,173547,2025-10-01 14:10:00
57,57,256.57000732421875,256.6859130859375,256.5683898925781,256.6000061035156,154457,2025-10-01 14:15:00
58,58,256.6000061035156,256.6499938964844,256.4700012207031,256.54998779296875,184892,2025-10-01 14:20:00
59,59,256.5400085449219,256.6449890136719,256.45001220703125,256.4849853515625,171419,2025-10-01 14:25:00
60,60,256.4800109863281,256.5400085449219,256.30010986328125,256.3901062011719,158187,2025-10-01 14:30:00
61,61,256.3949890136719,256.4700927734375,256.2650146484375,256.3699951171875,194277,2025-10-01 14:35:00
62,62,256.3500061035156,256.5400085449219,256.29998779296875,256.32501220703125,154085,2025-10-01 14:40:00
63,63,256.3219909667969,256.3999938964844,256.2349853515625,256.3949890136719,152785,2025-10-01 14:45:00
64,64,256.3999938964844,256.4814147949219,256.29998779296875,256.3900146484375,179369,2025-10-01 14:50:00
65,65,256.3900146484375,256.75,256.3699951171875,256.739990234375,225481,2025-10-01 14:55:00
66,66,256.7344055175781,256.94000244140625,256.5329895019531,256.6600036621094,351372,2025-10-01 15:00:00
67,67,256.6499938964844,256.8399963378906,256.6000061035156,256.79998779296875,194207,2025-10-01 15:05:00
68,68,256.80499267578125,256.80499267578125,256.6199951171875,256.6600036621094,221328,2025-10-01 15:10:00
69,69,256.6499938964844,256.69000244140625,256.5199890136719,256.5400085449219,219265,2025-10-01 15:15:00
70,70,256.54998779296875,256.6099853515625,255.91009521484375,255.92999267578125,354383,2025-10-01 15:20:00
71,71,255.92999267578125,256.0849914550781,255.8699951171875,255.94000244140625,346876,2025-10-01 15:25:00
72,72,255.94000244140625,256.1400146484375,255.92999267578125,256.0122985839844,928539,2025-10-01 15:30:00
73,73,256.0150146484375,256.0150146484375,255.42999267578125,255.4947052001953,493717,2025-10-01 15:35:00
74,74,255.4949951171875,255.6199951171875,255.32000732421875,255.35000610351562,489635,2025-10-01 15:40:00
75,75,255.36000061035156,255.77699279785156,255.27999877929688,255.77000427246094,491764,2025-10-01 15:45:00
76,76,255.77999877929688,255.91000366210938,255.39999389648438,255.60499572753906,770815,2025-10-01 15:50:00
77,77,255.61000061035156,255.77000427246094,255.36000061035156,255.41000366210938,1704692,2025-10-01 15:55:00
78,78,256.5899963378906,257.29998779296875,255.83599853515625,255.89999389648438,4742595,2025-10-02 09:30:00
79,79,255.88999938964844,256.1400146484375,254.5,254.55499267578125,1196179,2025-10-02 09:35:00
80,80,254.52999877929688,254.9600067138672,254.14999389648438,254.7550048828125,964827,2025-10-02 09:40:00
81,81,254.75999450683594,255.41990661621094,254.52499389648438,255.13999938964844,697571,2025-10-02 09:45:00
82,82,255.1300048828125,255.97500610351562,254.92999267578125,255.6750030517578,732733,2025-10-02 09:50:00
83,83,255.6699981689453,256.0799865722656,255.52999877929688,256.0350036621094,595972,2025-10-02 09:55:00
84,84,256.0249938964844,256.1499938964844,255.69000244140625,256.1000061035156,528604,2025-10-02 10:00:00
85,85,256.0799865722656,256.1084899902344,255.64999389648438,256.03509521484375,431039,2025-10-02 10:05:00
86,86,256.0199890136719,256.260009765625,255.8800048828125,256.2312927246094,458054,2025-10-02 10:10:00
87,87,256.2300109863281,256.68499755859375,255.9949951171875,256.3999938964844,477641,2025-10-02 10:15:00
88,88,256.410888671875,256.6000061035156,256.2699890136719,256.5050048828125,374535,2025-10-02 10:20:00
89,89,256.5050048828125,256.6499938964844,256.0710144042969,256.2200927734375,370419,2025-10-02 10:25:00
90,90,256.2300109863281,256.4700927734375,256.0899963378906,256.3800048828125,349441,2025-10-02 10:30:00
91,91,256.3800048828125,256.5849914550781,256.3100891113281,256.55499267578125,371984,2025-10-02 10:35:00
92,92,256.57000732421875,256.6700134277344,256.3800048828125,256.614990234375,330857,2025-10-02 10:40:00
93,93,256.6300048828125,256.7900085449219,256.264404296875,256.2799987792969,376690,2025-10-02 10:45:00
94,94,256.2699890136719,256.3048095703125,255.97999572753906,256.2449951171875,391263,2025-10-02 10:50:00
95,95,256.2449951171875,256.5400085449219,256.20001220703125,256.260009765625,361266,2025-10-02 10:55:00
96,96,256.25,256.2850036621094,256.0150146484375,256.0849914550781,291793,2025-10-02 11:00:00
97,97,256.1099853515625,256.2799987792969,255.97000122070312,256.0,328289,2025-10-02 11:05:00
98,98,256.0,256.6199951171875,255.99000549316406,256.58331298828125,427238,2025-10-02 11:10:00
99,99,256.5799865722656,256.6300048828125,256.218505859375,256.2349853515625,228445,2025-10-02 11:15:00
100,100,256.2099914550781,256.39990234375,256.1000061035156,256.3699951171875,208274,2025-10-02 11:20:00
101,101,256.3699951171875,257.6400146484375,256.3500061035156,257.1650085449219,1134765,2025-10-02 11:25:00
102,102,257.1499938964844,257.2200012207031,256.72100830078125,257.0799865722656,379440,2025-10-02 11:30:00
103,103,257.0899963378906,257.6702880859375,257.04559326171875,257.4100036621094,736807,2025-10-02 11:35:00
104,104,257.4150085449219,257.6050109863281,257.2049865722656,257.4800109863281,385780,2025-10-02 11:40:00
105,105,257.45001220703125,257.739990234375,256.8540954589844,256.9599914550781,441350,2025-10-02 11:45:00
106,106,256.94500732421875,257.2900085449219,256.92999267578125,257.260009765625,182972,2025-10-02 11:50:00
107,107,257.260009765625,257.989990234375,257.25,257.772705078125,424521,2025-10-02 11:55:00
108,108,257.7699890136719,258.17999267578125,257.69000244140625,257.9949951171875,576282,2025-10-02 12:00:00
109,109,258.0199890136719,258.1099853515625,257.7164001464844,258.0950012207031,378859,2025-10-02 12:05:00
110,110,258.07000732421875,258.0950012207031,257.70001220703125,257.7900085449219,261441,2025-10-02 12:10:00
111,111,257.7900085449219,257.875,257.5199890136719,257.8205871582031,238634,2025-10-02 12:15:00
112,112,257.81500244140625,257.8349914550781,257.45001220703125,257.5299987792969,203521,2025-10-02 12:20:00
113,113,257.5,257.54998779296875,257.30999755859375,257.3450012207031,178799,2025-10-02 12:25:00
114,114,257.3450012207031,257.3900146484375,257.1700134277344,257.31500244140625,222720,2025-10-02 12:30:00
115,115,257.30999755859375,257.57000732421875,257.29998779296875,257.3999938964844,217188,2025-10-02 12:35:00
116,116,257.3999938964844,257.4150085449219,257.11700439453125,257.20989990234375,152164,2025-10-02 12:40:00
117,117,257.239990234375,257.3900146484375,257.1138916015625,257.25,145807,2025-10-02 12:45:00
118,118,257.24951171875,257.3900146484375,257.1571044921875,257.3599853515625,152872,2025-10-02 12:50:00
119,119,257.3900146484375,257.5653076171875,257.25,257.5150146484375,181277,2025-10-02 12:55:00
120,120,257.4949951171875,257.52508544921875,257.3500061035156,257.510009765625,160182,2025-10-02 13:00:00
121,121,257.5,257.5707092285156,257.3699951171875,257.3900146484375,128522,2025-10-02 13:05:00
122,122,257.3800048828125,257.819091796875,257.3399963378906,257.7699890136719,338490,2025-10-02 13:10:00
123,123,257.7900085449219,257.8226013183594,257.3399963378906,257.3599853515625,240355,2025-10-02 13:15:00
124,124,257.360107421875,257.45001220703125,257.2099914550781,257.3442077636719,150474,2025-10-02 13:20:00
125,125,257.3550109863281,257.5299987792969,257.29998779296875,257.4100036621094,200268,2025-10-02 13:25:00
126,126,257.3900146484375,257.55999755859375,257.3299865722656,257.5199890136719,161677,2025-10-02 13:30:00
127,127,257.5199890136719,257.59991455078125,257.30999755859375,257.5199890136719,178105,2025-10-02 13:35:00
128,128,257.5199890136719,257.75,257.4200134277344,257.4200134277344,181755,2025-10-02 13:40:00
129,129,257.4200134277344,257.5007019042969,257.3500061035156,257.3500061035156,166493,2025-10-02 13:45:00
130,130,257.3399963378906,257.3599853515625,257.1099853515625,257.1199951171875,187493,2025-10-02 13:50:00
131,131,257.1199951171875,257.2799987792969,257.0580139160156,257.1199951171875,169896,2025-10-02 13:55:00
132,132,257.1199951171875,257.4599914550781,257.0299987792969,257.3349914550781,316119,2025-10-02 14:00:00
133,133,257.3299865722656,257.57000732421875,257.30999755859375,257.3599853515625,281138,2025-10-02 14:05:00
134,134,257.3399963378906,257.510009765625,257.239990234375,257.39129638671875,178679,2025-10-02 14:10:00
135,135,257.3900146484375,257.5199890136719,257.3399963378906,257.5,166429,2025-10-02 14:15:00
136,136,257.5,257.70001220703125,257.4800109863281,257.6199951171875,262382,2025-10-02 14:20:00
137,137,257.6099853515625,257.9100036621094,257.56500244140625,257.8800048828125,226466,2025-10-02 14:25:00
138,138,257.8699951171875,258.010009765625,257.7449951171875,257.94281005859375,302549,2025-10-02 14:30:00
139,139,257.94000244140625,258.1600036621094,257.8786926269531,258.1470031738281,328508,2025-10-02 14:35:00
140,140,258.1449890136719,258.1449890136719,257.7099914550781,257.9800109863281,1591549,2025-10-02 14:40:00
141,141,257.9700012207031,258.0799865722656,257.9330139160156,257.9849853515625,277068,2025-10-02 14:45:00
142,142,257.9750061035156,257.989990234375,257.739990234375,257.8599853515625,220101,2025-10-02 14:50:00
143,143,257.8699951171875,258.010009765625,257.7799987792969,257.92999267578125,198806,2025-10-02 14:55:00
144,144,257.92999267578125,257.95098876953125,257.79998779296875,257.92999267578125,179778,2025-10-02 15:00:00
145,145,257.92498779296875,257.94500732421875,257.6789855957031,257.68499755859375,223451,2025-10-02 15:05:00
146,146,257.6700134277344,257.67999267578125,257.5,257.6000061035156,335062,2025-10-02 15:10:00
147,147,257.6000061035156,257.6000061035156,257.375,257.5086975097656,338362,2025-10-02 15:15:00
148,148,257.5199890136719,257.6600036621094,257.4800109863281,257.6400146484375,288948,2025-10-02 15:20:00
149,149,257.6449890136719,257.67999267578125,257.510009765625,257.510009765625,328520,2025-10-02 15:25:00
150,150,257.510009765625,257.875,257.510009765625,257.81500244140625,601953,2025-10-02 15:30:00
151,151,257.81500244140625,257.8399963378906,257.5,257.55999755859375,260761,2025-10-02 15:35:00
152,152,257.54998779296875,257.6099853515625,257.3349914550781,257.3699951171875,320814,2025-10-02 15:40:00
153,153,257.3699951171875,257.489990234375,257.125,257.44000244140625,530978,2025-10-02 15:45:00
154,154,257.42999267578125,257.6000061035156,257.1000061035156,257.2099914550781,1075792,2025-10-02 15:50:00
155,155,257.239990234375,257.45001220703125,256.8800048828125,257.1400146484375,2310693,2025-10-02 15:55:00
156,156,254.6649932861328,256.739990234375,253.9600067138672,256.7149963378906,4396864,2025-10-03 09:30:00
157,157,256.7200012207031,258.1600036621094,256.70001220703125,257.8800048828125,2027405,2025-10-03 09:35:00
158,158,257.8699951171875,258.20001220703125,257.489990234375,257.8949890136719,1517846,2025-10-03 09:40:00
159,159,257.92999267578125,258.6499938964844,257.6300048828125,258.6300048828125,1452443,2025-10-03 09:45:00
160,160,258.6199951171875,259.0400085449219,258.29998779296875,258.9800109863281,1500974,2025-10-03 09:50:00
161,161,258.9750061035156,259.0,258.010009765625,258.0516052246094,1339265,2025-10-03 09:55:00
162,162,258.0400085449219,258.260009765625,257.3399963378906,258.1000061035156,1133691,2025-10-03 10:00:00
163,163,258.0899963378906,258.6199951171875,258.0050048828125,258.4700012207031,705829,2025-10-03 10:05:00
164,164,258.4700012207031,258.7900085449219,258.3800048828125,258.656494140625,563622,2025-10-03 10:10:00
165,165,258.6585998535156,258.7300109863281,258.20001220703125,258.3900146484375,556677,2025-10-03 10:15:00
166,166,258.3800048828125,258.6300048828125,258.06500244140625,258.1050109863281,516870,2025-10-03 10:20:00
167,167,258.1120910644531,258.3800048828125,257.80999755859375,257.8500061035156,600400,2025-10-03 10:25:00
168,168,257.8599853515625,258.085205078125,257.5199890136719,257.9750061035156,655153,2025-10-03 10:30:00
169,169,257.9700012207031,258.2799987792969,257.8800048828125,258.2300109863281,465345,2025-10-03 10:35:00
170,170,258.2200012207031,258.739990234375,258.1700134277344,258.17010498046875,586779,2025-10-03 10:40:00
171,171,258.17999267578125,258.3699951171875,257.9700012207031,258.1300048828125,307253,2025-10-03 10:45:00
172,172,258.1199951171875,258.3633117675781,257.8900146484375,258.3500061035156,311343,2025-10-03 10:50:00
173,173,258.3599853515625,258.42999267578125,258.1499938964844,258.17498779296875,305456,2025-10-03 10:55:00
174,174,258.1700134277344,258.20001220703125,257.94000244140625,258.06500244140625,325147,2025-10-03 11:00:00
175,175,258.06500244140625,258.3699951171875,257.8949890136719,258.25,296337,2025-10-03 11:05:00
176,176,258.239990234375,258.4100036621094,258.05999755859375,258.389404296875,229781,2025-10-03 11:10:00
177,177,258.3800048828125,258.5325927734375,258.30999755859375,258.385009765625,267686,2025-10-03 11:15:00
178,178,258.39801025390625,258.65380859375,258.29998779296875,258.6499938964844,266787,2025-10-03 11:20:00
179,179,258.6400146484375,258.7300109863281,258.3999938964844,258.510009765625,435881,2025-10-03 11:25:00
180,180,258.4930114746094,258.8348083496094,258.42498779296875,258.70001220703125,416376,2025-10-03 11:30:00
181,181,258.69500732421875,259.0199890136719,258.54998779296875,258.8472900390625,693355,2025-10-03 11:35:00
182,182,258.8399963378906,259.239990234375,258.57000732421875,258.7699890136719,1091474,2025-10-03 11:40:00
183,183,258.7994079589844,258.8399963378906,258.29998779296875,258.4800109863281,507452,2025-10-03 11:45:00
184,184,258.4700012207031,258.6000061035156,258.30999755859375,258.42999267578125,381644,2025-10-03 11:50:00
185,185,258.42999267578125,258.4729919433594,258.260009765625,258.4049987792969,248594,2025-10-03 11:55:00
186,186,258.4130859375,258.4800109863281,258.260498046875,258.260498046875,281042,2025-10-03 12:00:00
187,187,258.2571105957031,258.6000061035156,258.2571105957031,258.4849853515625,250627,2025-10-03 12:05:00
188,188,258.5150146484375,258.5400085449219,258.318603515625,258.3699951171875,229576,2025-10-03 12:10:00
189,189,258.4100036621094,258.8599853515625,258.3999938964844,258.7430114746094,331051,2025-10-03 12:15:00
190,190,258.739990234375,258.80999755859375,258.4100036621094,258.4649963378906,195536,2025-10-03 12:20:00
191,191,258.4599914550781,258.5799865722656,258.3550109863281,258.5487060546875,202003,2025-10-03 12:25:00
192,192,258.5400085449219,258.6400146484375,258.4700012207031,258.54998779296875,182345,2025-10-03 12:30:00
193,193,258.54998779296875,258.5899963378906,258.19000244140625,258.4200134277344,285268,2025-10-03 12:35:00
194,194,258.4200134277344,258.6199951171875,258.32000732421875,258.6199951171875,267525,2025-10-03 12:40:00
195,195,258.635009765625,258.6700134277344,258.54998779296875,258.6099853515625,227015,2025-10-03 12:45:00
196,196,258.6000061035156,258.8999938964844,258.6000061035156,258.8887023925781,327476,2025-10-03 12:50:00
197,197,258.8800048828125,258.92999267578125,258.7799987792969,258.7950134277344,273702,2025-10-03 12:55:00
198,198,258.8099060058594,258.8099060058594,258.2349853515625,258.3399963378906,473366,2025-10-03 13:00:00
199,199,258.3299865722656,258.5,258.1199951171875,258.364990234375,413304,2025-10-03 13:05:00
200,200,258.3500061035156,258.6499938964844,258.32000732421875,258.5400085449219,292218,2025-10-03 13:10:00
201,201,258.5400085449219,258.55999755859375,258.3500061035156,258.3678894042969,219047,2025-10-03 13:15:00
202,202,258.3599853515625,258.6300048828125,258.3299865722656,258.3800048828125,219043,2025-10-03 13:20:00
203,203,258.4150085449219,258.4599914550781,258.2300109863281,258.30999755859375,228432,2025-10-03 13:25:00
204,204,258.29998779296875,258.32879638671875,258.0144958496094,258.0150146484375,346364,2025-10-03 13:30:00
205,205,258.01458740234375,258.19659423828125,257.91009521484375,258.1300048828125,364946,2025-10-03 13:35:00
206,206,258.1199951171875,258.1199951171875,257.7699890136719,257.80999755859375,389074,2025-10-03 13:40:00
207,207,257.80999755859375,257.82501220703125,257.45001220703125,257.5950012207031,367619,2025-10-03 13:45:00
208,208,257.6014099121094,257.6170959472656,257.1199951171875,257.1600036621094,898212,2025-10-03 13:50:00
209,209,257.1700134277344,257.69000244140625,257.1300048828125,257.43719482421875,378358,2025-10-03 13:55:00
210,210,257.4360046386719,257.5,257.1000061035156,257.1600036621094,248665,2025-10-03 14:00:00
211,211,257.1650085449219,257.3399963378906,256.9599914550781,257.20001220703125,402683,2025-10-03 14:05:00
212,212,257.20001220703125,257.6199951171875,257.0700988769531,257.5950012207031,399268,2025-10-03 14:10:00
213,213,257.5799865722656,258.0,257.5400085449219,257.8299865722656,671860,2025-10-03 14:15:00
214,214,257.8299865722656,258.239501953125,257.82000732421875,258.20001220703125,447792,2025-10-03 14:20:00
215,215,258.20001220703125,258.5899963378906,258.19000244140625,258.3699951171875,544398,2025-10-03 14:25:00
216,216,258.3699951171875,258.4400939941406,258.0899963378906,258.2099914550781,339864,2025-10-03 14:30:00
217,217,258.2099914550781,258.3006896972656,258.0476989746094,258.2550048828125,197567,2025-10-03 14:35:00
218,218,258.2372131347656,258.5199890136719,258.18011474609375,258.472900390625,338056,2025-10-03 14:40:00
219,219,258.4800109863281,258.5849914550781,258.3500061035156,258.3825988769531,314083,2025-10-03 14:45:00
220,220,258.3800048828125,258.510009765625,258.3100891113281,258.45001220703125,243702,2025-10-03 14:50:00
221,221,258.4599914550781,258.5249938964844,258.3299865722656,258.3302917480469,220812,2025-10-03 14:55:00
222,222,258.3500061035156,258.41259765625,258.1199951171875,258.25,235471,2025-10-03 15:00:00
223,223,258.2200012207031,258.239990234375,258.0,258.0777893066406,265503,2025-10-03 15:05:00
224,224,258.0799865722656,258.2200012207031,258.010009765625,258.0299987792969,241071,2025-10-03 15:10:00
225,225,258.010009765625,258.16900634765625,257.9200134277344,258.06390380859375,188955,2025-10-03 15:15:00
226,226,258.07000732421875,258.1000061035156,257.8500061035156,257.8800048828125,222415,2025-10-03 15:20:00
227,227,257.8800048828125,258.0,257.864990234375,257.9200134277344,242828,2025-10-03 15:25:00
228,228,257.9200134277344,258.05010986328125,257.8699951171875,258.02508544921875,401496,2025-10-03 15:30:00
229,229,258.0199890136719,258.0199890136719,257.8500061035156,257.9150085449219,302755,2025-10-03 15:35:00
230,230,257.9100036621094,258.260009765625,257.90771484375,257.989990234375,434908,2025-10-03 15:40:00
231,231,257.9849853515625,258.20001220703125,257.8999938964844,257.9800109863281,435428,2025-10-03 15:45:00
232,232,257.95001220703125,257.95001220703125,257.40350341796875,257.6825866699219,857447,2025-10-03 15:50:00
233,233,257.70001220703125,258.07000732421875,257.6000061035156,258.0150146484375,2036020,2025-10-03 15:55:00
234,234,257.94500732421875,259.07000732421875,257.2300109863281,257.9100036621094,1921173,2025-10-06 09:30:00
235,235,258.0050048828125,258.0299987792969,256.3399963378906,256.44000244140625,522441,2025-10-06 09:35:00
236,236,256.42999267578125,256.7799987792969,255.6300048828125,255.75999450683594,755379,2025-10-06 09:40:00
237,237,255.7550048828125,258.1499938964844,255.0500030517578,256.22259521484375,2878140,2025-10-06 09:45:00
238,238,256.2149963378906,256.4200134277344,255.8000030517578,256.0450134277344,689852,2025-10-06 09:50:00
239,239,256.0799865722656,256.489990234375,255.8300018310547,256.2749938964844,761497,2025-10-06 09:55:00
240,240,256.2699890136719,257.1700134277344,256.19000244140625,256.97119140625,752982,2025-10-06 10:00:00
241,241,257.0,257.7701110839844,256.8599853515625,257.739990234375,669359,2025-10-06 10:05:00
242,242,257.739990234375,258.6199951171875,257.6300048828125,258.3999938964844,776084,2025-10-06 10:10:00
243,243,258.3900146484375,258.75,258.0400085449219,258.0899963378906,595435,2025-10-06 10:15:00
244,244,258.0799865722656,258.464599609375,257.95001220703125,258.0150146484375,512901,2025-10-06 10:20:00
245,245,258.0400085449219,258.3324890136719,257.760009765625,257.7799987792969,833915,2025-10-06 10:25:00
246,246,257.79998779296875,257.9100036621094,257.4200134277344,257.4465026855469,366954,2025-10-06 10:30:00
247,247,257.43499755859375,257.94000244140625,257.2799987792969,257.7799072265625,503379,2025-10-06 10:35:00
248,248,257.75,257.97491455078125,257.3699951171875,257.9200134277344,375636,2025-10-06 10:40:00
249,249,257.9100036621094,257.9800109863281,257.5199890136719,257.5899963378906,322831,2025-10-06 10:45:00
250,250,257.5849914550781,257.9800109863281,257.5849914550781,257.7850036621094,291099,2025-10-06 10:50:00
251,251,257.7850036621094,257.9100036621094,257.55999755859375,257.8399963378906,231165,2025-10-06 10:55:00
252,252,257.8450012207031,257.9549865722656,257.614990234375,257.7799987792969,240448,2025-10-06 11:00:00
253,253,257.7900085449219,257.8949890136719,257.6199951171875,257.6499938964844,221532,2025-10-06 11:05:00
254,254,257.6199951171875,257.70001220703125,257.5199890136719,257.5199890136719,219199,2025-10-06 11:10:00
255,255,257.5299987792969,257.6496887207031,257.3999938964844,257.6400146484375,241423,2025-10-06 11:15:00
256,256,257.635009765625,257.697509765625,257.375,257.510009765625,237709,2025-10-06 11:20:00
257,257,257.4800109863281,257.69000244140625,257.44000244140625,257.5513000488281,196025,2025-10-06 11:25:00
258,258,257.56500244140625,257.6700134277344,257.32000732421875,257.3949890136719,234713,2025-10-06 11:30:00
259,259,257.3800048828125,257.42999267578125,257.0249938964844,257.0799865722656,271526,2025-10-06 11:35:00
260,260,257.0799865722656,257.0799865722656,256.8299865722656,257.04998779296875,333745,2025-10-06 11:40:00
261,261,257.04010009765625,257.3923034667969,257.0199890136719,257.32000732421875,488554,2025-10-06 11:45:00
262,262,257.32000732421875,257.42999267578125,257.0400085449219,257.375,371007,2025-10-06 11:50:00
263,263,257.375,257.5299987792969,257.010009765625,257.1700134277344,296447,2025-10-06 11:55:00
264,264,257.15008544921875,257.5299987792969,257.010009765625,257.45880126953125,197480,2025-10-06 12:00:00
265,265,257.4599914550781,257.57000732421875,257.1499938964844,257.1600036621094,221985,2025-10-06 12:05:00
266,266,257.1499938964844,257.2099914550781,256.8251953125,256.864990234375,253990,2025-10-06 12:10:00
267,267,256.8599853515625,257.1499938964844,256.7699890136719,257.1050109863281,329579,2025-10-06 12:15:00
268,268,257.1099853515625,257.3399963378906,257.05999755859375,257.08099365234375,187414,2025-10-06 12:20:00
269,269,257.07501220703125,257.20001220703125,256.8500061035156,257.1300048828125,315393,2025-10-06 12:25:00
270,270,257.1300048828125,257.1600036621094,256.92498779296875,256.9892883300781,254925,2025-10-06 12:30:00
271,271,256.9750061035156,257.239990234375,256.9234924316406,257.1499938964844,191126,2025-10-06 12:35:00
272,272,257.1499938964844,257.31988525390625,257.114990234375,257.1700134277344,156148,2025-10-06 12:40:00
273,273,257.1600036621094,257.4800109863281,257.1600036621094,257.2749938964844,197476,2025-10-06 12:45:00
274,274,257.260009765625,257.3800048828125,257.0,257.2799987792969,189483,2025-10-06 12:50:00
275,275,257.2799987792969,257.3551940917969,257.1700134277344,257.3349914550781,151422,2025-10-06 12:55:00
276,276,257.3301086425781,257.3999938964844,257.2200012207031,257.28009033203125,176940,2025-10-06 13:00:00
277,277,257.28448486328125,257.30499267578125,257.0,257.0799865722656,151667,2025-10-06 13:05:00
278,278,257.0899963378906,257.1400146484375,256.8402099609375,257.114990234375,280300,2025-10-06 13:10:00
279,279,257.1000061035156,257.1300048828125,256.1304931640625,256.6400146484375,567860,2025-10-06 13:15:00
280,280,256.6400146484375,256.9800109863281,256.3800048828125,256.8999938964844,316487,2025-10-06 13:20:00
281,281,256.9150085449219,257.0539855957031,256.489990234375,256.55999755859375,243388,2025-10-06 13:25:00
282,282,256.54998779296875,256.68121337890625,256.3900146484375,256.53900146484375,266058,2025-10-06 13:30:00
283,283,256.55999755859375,256.6400146484375,256.32000732421875,256.3999938964844,306309,2025-10-06 13:35:00
284,284,256.4100036621094,256.4100036621094,255.85499572753906,255.86000061035156,503440,2025-10-06 13:40:00
285,285,255.8699951171875,256.04998779296875,255.83999633789062,255.91879272460938,343750,2025-10-06 13:45:00
286,286,255.9199981689453,256.239990234375,255.59210205078125,255.60000610351562,668330,2025-10-06 13:50:00
287,287,255.58999633789062,255.7100067138672,255.5,255.61500549316406,380315,2025-10-06 13:55:00
288,288,255.61099243164062,256.2438049316406,255.61099243164062,256.2315979003906,355041,2025-10-06 14:00:00
289,289,256.25,256.3299865722656,255.8800048828125,255.99000549316406,298820,2025-10-06 14:05:00
290,290,255.9875946044922,256.0299987792969,255.67999267578125,255.7899932861328,2035147,2025-10-06 14:10:00
291,291,255.77999877929688,256.1600036621094,255.77999877929688,256.1449890136719,257294,2025-10-06 14:15:00
292,292,256.1400146484375,256.239990234375,256.0199890136719,256.0799865722656,294592,2025-10-06 14:20:00
293,293,256.0899963378906,256.239990234375,256.06500244140625,256.18499755859375,213440,2025-10-06 14:25:00
294,294,256.1802062988281,256.5799865722656,256.1802062988281,256.4100036621094,284186,2025-10-06 14:30:00
295,295,256.3599853515625,256.4700012207031,256.1199951171875,256.1300048828125,203300,2025-10-06 14:35:00
296,296,256.135009765625,256.260009765625,256.06500244140625,256.17999267578125,188938,2025-10-06 14:40:00
297,297,256.1700134277344,256.2900085449219,256.1050109863281,256.2200012207031,191045,2025-10-06 14:45:00
298,298,256.2200012207031,256.4599914550781,256.2200012207031,256.30999755859375,197032,2025-10-06 14:50:00
299,299,256.31500244140625,256.4599914550781,256.1780090332031,256.2200012207031,154997,2025-10-06 14:55:00
300,300,256.2099914550781,256.3999938964844,256.135009765625,256.3700866699219,213821,2025-10-06 15:00:00
301,301,256.3699951171875,256.489990234375,256.3500061035156,256.4100036621094,208767,2025-10-06 15:05:00
302,302,256.4049987792969,256.6600036621094,256.3800048828125,256.6000061035156,267826,2025-10-06 15:10:00
303,303,256.614990234375,256.6400146484375,256.3800048828125,256.4100036621094,307352,2025-10-06 15:15:00
304,304,256.41009521484375,256.55999755859375,256.29998779296875,256.4200134277344,254037,2025-10-06 15:20:00
305,305,256.4200134277344,256.6199951171875,256.4200134277344,256.510009765625,222423,2025-10-06 15:25:00
306,306,256.510009765625,256.69000244140625,256.510009765625,256.54998779296875,242304,2025-10-06 15:30:00
307,307,256.5400085449219,256.6300048828125,256.4599914550781,256.625,271678,2025-10-06 15:35:00
308,308,256.6300048828125,256.9700012207031,256.5400085449219,256.92498779296875,455935,2025-10-06 15:40:00
309,309,256.9200134277344,257.0899963378906,256.7699890136719,257.0799865722656,527679,2025-10-06 15:45:00
310,310,257.0799865722656,257.25,256.92999267578125,256.9800109863281,696061,2025-10-06 15:50:00
311,311,256.989990234375,257.05999755859375,256.6099853515625,256.6499938964844,1384085,2025-10-06 15:55:00
312,312,256.82000732421875,257.3999938964844,256.82000732421875,257.0096130371094,1661714,2025-10-07 09:30:00
313,313,257.0199890136719,257.3511962890625,256.66680908203125,257.1499938964844,464990,2025-10-07 09:35:00
314,314,257.1600036621094,257.3900146484375,256.2799987792969,256.5350036621094,503383,2025-10-07 09:40:00
315,315,256.54998779296875,257.29998779296875,256.4100036621094,257.2799987792969,548200,2025-10-07 09:45:00
316,316,257.2900085449219,257.3599853515625,256.9700012207031,257.239990234375,433921,2025-10-07 09:50:00
317,317,257.25,257.3999938964844,257.04998779296875,257.16351318359375,371446,2025-10-07 09:55:00
318,318,257.1549987792969,257.2405090332031,256.67999267578125,256.7250061035156,548951,2025-10-07 10:00:00
319,319,256.7300109863281,257.010009765625,256.6619873046875,256.7300109863281,401423,2025-10-07 10:05:00
320,320,256.739990234375,257.20001220703125,256.6463928222656,257.1700134277344,375669,2025-10-07 10:10:00
321,321,257.18499755859375,257.2200012207031,256.6575927734375,256.9049987792969,321110,2025-10-07 10:15:00
322,322,256.92999267578125,256.92999267578125,256.5199890136719,256.57501220703125,365018,2025-10-07 10:20:00
323,323,256.57501220703125,256.7842102050781,256.4700012207031,256.67999267578125,429532,2025-10-07 10:25:00
324,324,256.6700134277344,256.7900085449219,256.3299865722656,256.55999755859375,339275,2025-10-07 10:30:00
325,325,256.5400085449219,256.7298889160156,256.32000732421875,256.3500061035156,301471,2025-10-07 10:35:00
326,326,256.32000732421875,256.3699951171875,255.9600067138672,255.9600067138672,397367,2025-10-07 10:40:00
327,327,255.9499969482422,256.1199951171875,255.60000610351562,255.99000549316406,648064,2025-10-07 10:45:00
328,328,255.9949951171875,256.0249938964844,255.69000244140625,255.81500244140625,361474,2025-10-07 10:50:00
329,329,255.80499267578125,256.1087951660156,255.77499389648438,255.91000366210938,313810,2025-10-07 10:55:00
330,330,255.88999938964844,256.29998779296875,255.88999938964844,256.260009765625,324253,2025-10-07 11:00:00
331,331,256.2699890136719,256.5799865722656,256.090087890625,256.3900146484375,566968,2025-10-07 11:05:00
332,332,256.3800048828125,257.10791015625,256.2699890136719,256.94000244140625,563939,2025-10-07 11:10:00
333,333,256.9200134277344,256.93499755859375,256.3900146484375,256.4949951171875,237409,2025-10-07 11:15:00
334,334,256.510009765625,256.6499938964844,256.44000244140625,256.5299987792969,216533,2025-10-07 11:20:00
335,335,256.5199890136719,256.5799865722656,256.2900085449219,256.3789978027344,261291,2025-10-07 11:25:00
336,336,256.3900146484375,256.57000732421875,256.30999755859375,256.54998779296875,303601,2025-10-07 11:30:00
337,337,256.5400085449219,256.5899963378906,256.19000244140625,256.4599914550781,314618,2025-10-07 11:35:00
338,338,256.4700012207031,256.84979248046875,256.42999267578125,256.69500732421875,295366,2025-10-07 11:40:00
339,339,256.7099914550781,256.7099914550781,256.37030029296875,256.56500244140625,236883,2025-10-07 11:45:00
340,340,256.57000732421875,256.68499755859375,256.18719482421875,256.3428039550781,394228,2025-10-07 11:50:00
341,341,256.3500061035156,256.3999938964844,256.19500732421875,256.29998779296875,199768,2025-10-07 11:55:00
342,342,256.29400634765625,256.56988525390625,256.2405090332031,256.5199890136719,633128,2025-10-07 12:00:00
343,343,256.510009765625,256.6499938964844,256.3299865722656,256.45989990234375,272627,2025-10-07 12:05:00
344,344,256.44000244140625,256.4599914550781,255.94009399414062,256.0299987792969,325939,2025-10-07 12:10:00
345,345,256.010009765625,256.0899963378906,255.88999938964844,256.010009765625,270024,2025-10-07 12:15:00
346,346,256.0199890136719,256.41259765625,256.0,256.30999755859375,216442,2025-10-07 12:20:00
347,347,256.32000732421875,256.4898986816406,256.1510925292969,256.3384094238281,231148,2025-10-07 12:25:00
348,348,256.3299865722656,256.57501220703125,256.3299865722656,256.44000244140625,234642,2025-10-07 12:30:00
349,349,256.4599914550781,256.6400146484375,256.42498779296875,256.45001220703125,219276,2025-10-07 12:35:00
350,350,256.44500732421875,256.6600036621094,256.4100036621094,256.6099853515625,306196,2025-10-07 12:40:00
351,351,256.5899963378906,256.6482849121094,256.30499267578125,256.3136901855469,142832,2025-10-07 12:45:00
352,352,256.30999755859375,256.3800048828125,256.1400146484375,256.17999267578125,227719,2025-10-07 12:50:00
353,353,256.19000244140625,256.260009765625,255.90499877929688,256.0799865722656,165107,2025-10-07 12:55:00
354,354,256.0849914550781,256.0849914550781,255.88999938964844,256.010009765625,184279,2025-10-07 13:00:00
355,355,256.0,256.1300048828125,255.93020629882812,256.10009765625,150774,2025-10-07 13:05:00
356,356,256.1099853515625,256.2200012207031,255.9600067138672,256.010009765625,148053,2025-10-07 13:10:00
357,357,256.0199890136719,256.17999267578125,255.82009887695312,255.88499450683594,152220,2025-10-07 13:15:00
358,358,255.8699951171875,256.0299987792969,255.86000061035156,255.90499877929688,203272,2025-10-07 13:20:00
359,359,255.88999938964844,255.9376983642578,255.75430297851562,255.88999938964844,201323,2025-10-07 13:25:00
360,360,255.86000061035156,256.06329345703125,255.8000946044922,256.0199890136719,200575,2025-10-07 13:30:00
361,361,256.0199890136719,256.04998779296875,255.8300018310547,255.9499969482422,128801,2025-10-07 13:35:00
362,362,255.93499755859375,255.9600067138672,255.83999633789062,255.9199981689453,140736,2025-10-07 13:40:00
363,363,255.92999267578125,256.05499267578125,255.84500122070312,256.0284118652344,113136,2025-10-07 13:45:00
364,364,256.0199890136719,256.04998779296875,255.5402069091797,255.57000732421875,202152,2025-10-07 13:50:00
365,365,255.5800018310547,255.9550018310547,255.42999267578125,255.83999633789062,234797,2025-10-07 13:55:00
366,366,255.83999633789062,255.85000610351562,255.56500244140625,255.7550048828125,250475,2025-10-07 14:00:00
367,367,255.7550048828125,256.0299987792969,255.72999572753906,255.97000122070312,180637,2025-10-07 14:05:00
368,368,255.97999572753906,256.1300048828125,255.97000122070312,256.0400085449219,186913,2025-10-07 14:10:00
369,369,256.0199890136719,256.0950012207031,255.97000122070312,256.0450134277344,193629,2025-10-07 14:15:00
370,370,256.0320129394531,256.1050109863281,256.0150146484375,256.03009033203125,165726,2025-10-07 14:20:00
371,371,256.0400085449219,256.1499938964844,255.9600067138672,256.06988525390625,296856,2025-10-07 14:25:00
372,372,256.07000732421875,256.114990234375,256.0050048828125,256.04998779296875,161151,2025-10-07 14:30:00
373,373,256.04998779296875,256.2099914550781,256.04998779296875,256.1549987792969,161360,2025-10-07 14:35:00
374,374,256.1549987792969,256.1698913574219,256.04998779296875,256.1383056640625,132488,2025-10-07 14:40:00
375,375,256.1400146484375,256.20001220703125,256.0400085449219,256.0799865722656,160590,2025-10-07 14:45:00
376,376,256.0719909667969,256.1784973144531,256.0,256.1199951171875,166784,2025-10-07 14:50:00
377,377,256.1199951171875,256.15509033203125,256.0400085449219,256.1549987792969,200117,2025-10-07 14:55:00
378,378,256.159912109375,256.29998779296875,256.1300048828125,256.17498779296875,241406,2025-10-07 15:00:00
379,379,256.17999267578125,256.2550048828125,256.0690002441406,256.2099914550781,198557,2025-10-07 15:05:00
380,380,256.2149963378906,256.301513671875,256.1969909667969,256.2699890136719,209124,2025-10-07 15:10:00
381,381,256.2799987792969,256.287109375,255.99000549316406,256.0174865722656,279166,2025-10-07 15:15:00
382,382,256.010009765625,256.0899963378906,255.91009521484375,255.96420288085938,201336,2025-10-07 15:20:00
383,383,255.9622039794922,256.07000732421875,255.94000244140625,256.0199890136719,249395,2025-10-07 15:25:00
384,384,256.0199890136719,256.07501220703125,255.9199981689453,256.0199890136719,292398,2025-10-07 15:30:00
385,385,256.0150146484375,256.125,255.97999572753906,256.0799865722656,294848,2025-10-07 15:35:00
386,386,256.0799865722656,256.5799865722656,256.0744934082031,256.5400085449219,511012,2025-10-07 15:40:00
387,387,256.54010009765625,256.6098937988281,256.4100036621094,256.44000244140625,378751,2025-10-07 15:45:00
388,388,256.45001220703125,256.5899963378906,256.3500061035156,256.5400085449219,788932,2025-10-07 15:50:00
389,389,256.54998779296875,256.6199951171875,256.239990234375,256.489990234375,1712575,2025-10-07 15:55:00
390,390,256.5299987792969,257.6799011230469,256.3599853515625,256.625,2446571,2025-10-08 09:30:00
391,391,256.6600036621094,256.8900146484375,256.1099853515625,256.2799987792969,865891,2025-10-08 09:35:00
392,392,256.28338623046875,257.43499755859375,256.239990234375,256.9200134277344,762656,2025-10-08 09:40:00
393,393,256.8949890136719,257.57000732421875,256.8299865722656,257.3349914550781,507868,2025-10-08 09:45:00
394,394,257.3349914550781,257.8900146484375,257.30999755859375,257.3420104980469,571027,2025-10-08 09:50:00
395,395,257.32000732421875,257.3399963378906,257.0199890136719,257.2200012207031,434709,2025-10-08 09:55:00
396,396,257.2200012207031,257.7699890136719,257.1700134277344,257.3450012207031,549545,2025-10-08 10:00:00
397,397,257.34600830078125,257.7799987792969,257.25,257.69000244140625,441873,2025-10-08 10:05:00
398,398,257.7099914550781,258.1195983886719,257.6878967285156,257.7799987792969,814050,2025-10-08 10:10:00
399,399,257.80499267578125,258.19000244140625,257.70001220703125,257.8599853515625,410346,2025-10-08 10:15:00
400,400,257.8399963378906,258.072509765625,257.70001220703125,257.864990234375,351212,2025-10-08 10:20:00
401,401,257.8500061035156,257.9309997558594,257.6199951171875,257.8399963378906,303529,2025-10-08 10:25:00
402,402,257.8599853515625,257.8599853515625,257.5400085449219,257.6199951171875,420978,2025-10-08 10:30:00
403,403,257.6199951171875,257.6700134277344,257.20001220703125,257.4375,390735,2025-10-08 10:35:00
404,404,257.4200134277344,257.5646057128906,257.32000732421875,257.3800048828125,230024,2025-10-08 10:40:00
405,405,257.3949890136719,257.5799865722656,257.29998779296875,257.465087890625,197936,2025-10-08 10:45:00
406,406,257.4800109863281,257.7099914550781,257.29010009765625,257.67999267578125,329860,2025-10-08 10:50:00
407,407,257.67999267578125,257.67999267578125,257.3900146484375,257.6099853515625,299398,2025-10-08 10:55:00
408,408,257.6000061035156,258.17999267578125,257.57501220703125,258.1250915527344,1067782,2025-10-08 11:00:00
409,409,258.1211853027344,258.3999938964844,258.1199951171875,258.32000732421875,444442,2025-10-08 11:05:00
410,410,258.1600036621094,258.38299560546875,258.1112060546875,258.20001220703125,320362,2025-10-08 11:10:00
411,411,258.20001220703125,258.2300109863281,257.95001220703125,257.9649963378906,242832,2025-10-08 11:15:00
412,412,257.9700012207031,258.32000732421875,257.95001220703125,258.3124084472656,265547,2025-10-08 11:20:00
413,413,258.30718994140625,258.4549865722656,258.010009765625,258.0400085449219,217381,2025-10-08 11:25:00
414,414,258.05499267578125,258.1099853515625,257.7099914550781,257.7799987792969,283005,2025-10-08 11:30:00
415,415,257.7699890136719,257.966796875,257.739990234375,257.94000244140625,200984,2025-10-08 11:35:00
416,416,257.94500732421875,257.94500732421875,257.55999755859375,257.7049865722656,199528,2025-10-08 11:40:00
417,417,257.7200012207031,257.8699951171875,257.69000244140625,257.82000732421875,152706,2025-10-08 11:45:00
418,418,257.8299865722656,258.0400085449219,257.80999755859375,258.0,284469,2025-10-08 11:50:00
419,419,258.0199890136719,258.07000732421875,257.9100036621094,257.9549865722656,195911,2025-10-08 11:55:00
420,420,257.9549865722656,257.9800109863281,257.7799987792969,257.7925109863281,208480,2025-10-08 12:00:00
421,421,257.79998779296875,258.05999755859375,257.7799987792969,258.0299987792969,251204,2025-10-08 12:05:00
422,422,258.04998779296875,258.5199890136719,258.0400085449219,258.35009765625,385671,2025-10-08 12:10:00
423,423,258.3399963378906,258.3699951171875,258.1499938964844,258.1600036621094,226603,2025-10-08 12:15:00
424,424,258.1600036621094,258.2799072265625,258.05010986328125,258.2261962890625,251874,2025-10-08 12:20:00
425,425,258.2301025390625,258.3500061035156,258.1300048828125,258.20001220703125,191799,2025-10-08 12:25:00
426,426,258.19000244140625,258.32501220703125,258.1700134277344,258.23199462890625,177597,2025-10-08 12:30:00
427,427,258.2200012207031,258.29998779296875,258.0,258.1000061035156,154629,2025-10-08 12:35:00
428,428,258.1199951171875,258.1199951171875,257.9700012207031,258.0199890136719,156220,2025-10-08 12:40:00
429,429,258.010009765625,258.010009765625,257.75,257.8500061035156,179129,2025-10-08 12:45:00
430,430,257.8550109863281,257.9209899902344,257.625,257.6499938964844,158659,2025-10-08 12:50:00
431,431,257.6499938964844,257.8251953125,257.6300048828125,257.79998779296875,193756,2025-10-08 12:55:00
432,432,257.7950134277344,257.9849853515625,257.75,257.9049987792969,244316,2025-10-08 13:00:00
433,433,257.8900146484375,257.9200134277344,257.7950134277344,257.91009521484375,178405,2025-10-08 13:05:00
434,434,257.9111022949219,258.08099365234375,257.8407897949219,258.05999755859375,163005,2025-10-08 13:10:00
435,435,258.05999755859375,258.0906982421875,257.7912902832031,257.8299865722656,151909,2025-10-08 13:15:00
436,436,257.82000732421875,257.95001220703125,257.78009033203125,257.92999267578125,143035,2025-10-08 13:20:00
437,437,257.9200134277344,257.9599914550781,257.85009765625,257.92498779296875,199295,2025-10-08 13:25:00
438,438,257.92498779296875,258.20001220703125,257.9100036621094,258.1499938964844,202567,2025-10-08 13:30:00
439,439,258.1400146484375,258.17999267578125,257.8700866699219,257.94000244140625,159224,2025-10-08 13:35:00
440,440,257.95001220703125,258.0199890136719,257.7101135253906,257.7300109863281,203118,2025-10-08 13:40:00
441,441,257.739990234375,257.9100036621094,257.6951904296875,257.7514953613281,187835,2025-10-08 13:45:00
442,442,257.75,257.9599914550781,257.6600036621094,257.8599853515625,163683,2025-10-08 13:50:00
443,443,257.8399963378906,257.84100341796875,257.7099914550781,257.81500244140625,151877,2025-10-08 13:55:00
444,444,257.80999755859375,257.8999938964844,257.67999267578125,257.7300109863281,193365,2025-10-08 14:00:00
445,445,257.7449951171875,258.0799865722656,257.6499938964844,257.9949951171875,212725,2025-10-08 14:05:00
446,446,257.989990234375,258.043701171875,257.8599853515625,257.9100036621094,212434,2025-10-08 14:10:00
447,447,257.8999938964844,258.19000244140625,257.8999938964844,258.0199890136719,282871,2025-10-08 14:15:00
448,448,258.0199890136719,258.04998779296875,257.92999267578125,257.9949951171875,167521,2025-10-08 14:20:00
449,449,257.9906921386719,258.07000732421875,257.8900146484375,257.9150085449219,143405,2025-10-08 14:25:00
450,450,257.8999938964844,257.9849853515625,257.8641052246094,257.940185546875,130619,2025-10-08 14:30:00
451,451,257.94000244140625,257.9949951171875,257.8699951171875,257.9100036621094,146833,2025-10-08 14:35:00
452,452,257.9100036621094,257.989990234375,257.82000732421875,257.9100036621094,131575,2025-10-08 14:40:00
453,453,257.9200134277344,257.9601135253906,257.8399963378906,257.8999938964844,134942,2025-10-08 14:45:00
454,454,257.9200134277344,257.94000244140625,257.8500061035156,257.8800048828125,165018,2025-10-08 14:50:00
455,455,257.885986328125,257.92999267578125,257.760498046875,257.79998779296875,185139,2025-10-08 14:55:00
456,456,257.80999755859375,258.0199890136719,257.739990234375,258.0,190056,2025-10-08 15:00:00
457,457,258.0299987792969,258.0400085449219,257.8699951171875,257.9649963378906,154751,2025-10-08 15:05:00
458,458,257.9649963378906,258.1199951171875,257.8800048828125,258.1195068359375,294939,2025-10-08 15:10:00
459,459,258.1199951171875,258.1300048828125,257.91009521484375,257.989990234375,152546,2025-10-08 15:15:00
460,460,257.9809875488281,258.32000732421875,257.9700012207031,258.2799987792969,567968,2025-10-08 15:20:00
461,461,258.2799987792969,258.42999267578125,258.2300109863281,258.25,310083,2025-10-08 15:25:00
462,462,258.239990234375,258.3800048828125,258.1300964355469,258.3800048828125,299177,2025-10-08 15:30:00
463,463,258.364990234375,258.489990234375,258.32501220703125,258.3900146484375,330600,2025-10-08 15:35:00
464,464,258.3800048828125,258.4200134277344,258.2701110839844,258.3450012207031,344147,2025-10-08 15:40:00
465,465,258.3399963378906,258.3399963378906,258.0,258.0835876464844,598882,2025-10-08 15:45:00
466,466,258.0950012207031,258.3976135253906,258.07000732421875,258.389892578125,762394,2025-10-08 15:50:00
467,467,258.3699951171875,258.3800048828125,257.8800048828125,258.0299987792969,1878918,2025-10-08 15:55:00
468,468,257.3299865722656,257.3599853515625,257.0450134277344,257.07501220703125,1446083,2025-10-09 09:30:00
469,469,256.6099853515625,256.6600036621094,256.5899963378906,256.6600036621094,1645914,2025-10-09 09:35:00
470,470,255.96499633789062,255.98500061035156,255.5,255.50079345703125,859872,2025-10-09 09:40:00
471,471,255.3800048828125,255.9398956298828,255.3699951171875,255.8000030517578,347069,2025-10-09 09:45:00
472,472,256.0350036621094,256.0350036621094,255.22999572753906,255.22999572753906,780453,2025-10-09 09:50:00
473,473,254.8090057373047,255.27999877929688,254.8090057373047,255.1999969482422,945631,2025-10-09 09:55:00
474,474,255.50999450683594,255.50999450683594,255.50999450683594,255.50999450683594,465869,2025-10-09 10:00:00
475,475,255.23350524902344,255.28309631347656,255.22000122070312,255.28309631347656,440778,2025-10-09 10:05:00
476,476,255.41009521484375,255.47999572753906,255.3800048828125,255.47500610351562,1142879,2025-10-09 10:10:00
477,477,255.1999969482422,255.1999969482422,255.17999267578125,255.17999267578125,120174,2025-10-09 10:20:00
478,478,255.0500030517578,255.125,254.97000122070312,254.97999572753906,417663,2025-10-09 10:25:00
479,479,254.5800018310547,255.11500549316406,254.57009887695312,254.89500427246094,800061,2025-10-09 10:30:00
480,480,254.89500427246094,254.89990234375,254.8300018310547,254.8699951171875,438951,2025-10-09 10:35:00
481,481,254.98500061035156,254.98500061035156,254.98500061035156,254.98500061035156,360206,2025-10-09 10:40:00
482,482,254.75999450683594,254.8699951171875,254.75,254.77000427246094,516672,2025-10-09 10:45:00
483,483,255.1199951171875,255.1199951171875,255.10719299316406,255.10719299316406,478537,2025-10-09 10:55:00
484,484,254.9499969482422,254.9499969482422,254.72000122070312,254.83999633789062,271703,2025-10-09 11:05:00
485,485,255.08999633789062,255.08999633789062,255.08999633789062,255.08999633789062,130175,2025-10-09 11:10:00
486,486,254.89500427246094,254.89500427246094,254.89500427246094,254.89500427246094,1444856,2025-10-09 11:20:00
487,487,254.47000122070312,254.5500030517578,254.44000244140625,254.5399932861328,1682554,2025-10-09 11:30:00
488,488,254.22000122070312,254.22000122070312,254.22000122070312,254.22000122070312,516934,2025-10-09 11:45:00
489,489,254.0500030517578,254.1699981689453,254.0478057861328,254.0800018310547,541470,2025-10-09 11:50:00
490,490,254.2899932861328,254.2899932861328,254.2899932861328,254.2899932861328,366599,2025-10-09 12:00:00
491,491,254.61000061035156,254.61000061035156,254.61000061035156,254.61000061035156,482860,2025-10-09 12:05:00
492,492,254.3350067138672,254.33999633789062,254.24000549316406,254.2698974609375,588922,2025-10-09 12:15:00
493,493,253.8260955810547,253.84500122070312,253.8260955810547,253.84500122070312,230465,2025-10-09 12:25:00
494,494,253.8800048828125,253.9199981689453,253.84500122070312,253.85000610351562,158256,2025-10-09 12:30:00
495,495,253.92999267578125,253.97999572753906,253.92999267578125,253.97999572753906,36106,2025-10-09 12:35:00
496,496,253.9199981689453,253.9199981689453,253.72999572753906,253.72999572753906,407076,2025-10-09 12:40:00
497,497,253.6999969482422,253.92990112304688,253.61000061035156,253.92149353027344,291278,2025-10-09 12:45:00
498,498,254.00999450683594,254.00999450683594,254.00999450683594,254.00999450683594,203697,2025-10-09 12:50:00
499,499,253.72500610351562,253.72500610351562,253.639892578125,253.639892578125,143159,2025-10-09 12:55:00
500,500,253.80999755859375,253.8300018310547,253.77000427246094,253.79949951171875,468292,2025-10-09 13:00:00
501,501,253.47500610351562,253.47500610351562,253.47500610351562,253.47500610351562,330,2025-10-09 13:10:00
502,502,253.3300018310547,253.3300018310547,253.2030029296875,253.25999450683594,483313,2025-10-09 13:15:00
503,503,253.36000061035156,253.50999450683594,253.36000061035156,253.38999938964844,195953,2025-10-09 13:20:00
504,504,253.3800048828125,253.4575958251953,253.3800048828125,253.4575958251953,323329,2025-10-09 13:25:00
505,505,253.72999572753906,253.72999572753906,253.41009521484375,253.44500732421875,686941,2025-10-09 13:40:00
506,506,253.57000732421875,253.5850067138672,253.57000732421875,253.5800018310547,264717,2025-10-09 13:50:00
507,507,253.5399932861328,253.60000610351562,253.51499938964844,253.58999633789062,440220,2025-10-09 13:55:00
508,508,253.50999450683594,253.50999450683594,253.50999450683594,253.50999450683594,214305,2025-10-09 14:05:00
509,509,253.5749969482422,253.5749969482422,253.5749969482422,253.5749969482422,106076,2025-10-09 14:10:00
510,510,253.7100067138672,253.7100067138672,253.6999969482422,253.6999969482422,260469,2025-10-09 14:15:00
511,511,253.61000061035156,253.61000061035156,253.5449981689453,253.5684051513672,225250,2025-10-09 14:20:00
512,512,253.5500030517578,253.55999755859375,253.5500030517578,253.55999755859375,165808,2025-10-09 14:25:00
513,513,253.44000244140625,253.4550018310547,253.41000366210938,253.4499969482422,147845,2025-10-09 14:30:00
514,514,253.6199951171875,253.6199951171875,253.6199951171875,253.6199951171875,128878,2025-10-09 14:35:00
515,515,253.64999389648438,253.64999389648438,253.44500732421875,253.4499969482422,1726164,2025-10-09 14:40:00
516,516,253.8699951171875,253.8699951171875,253.8699951171875,253.8699951171875,574774,2025-10-09 15:00:00
517,517,254.02999877929688,254.08999633789062,253.92999267578125,253.95199584960938,648593,2025-10-09 15:10:00
518,518,253.89999389648438,253.89999389648438,253.89999389648438,253.89999389648438,723527,2025-10-09 15:25:00
519,519,253.69000244140625,253.69000244140625,253.63999938964844,253.6750030517578,319457,2025-10-09 15:30:00
520,520,253.63999938964844,253.65899658203125,253.63999938964844,253.65899658203125,1749,2025-10-09 15:35:00
521,521,253.69000244140625,253.69000244140625,253.69000244140625,253.69000244140625,802608,2025-10-09 15:40:00
522,522,253.96560668945312,254.27000427246094,253.9499969482422,253.98170471191406,1060080,2025-10-09 15:50:00
523,523,254.25999450683594,254.25999450683594,253.96499633789062,253.97999572753906,1016253,2025-10-09 15:55:00
524,524,255.32000732421875,255.5500030517578,255.14199829101562,255.3260040283203,2105908,2025-10-10 09:30:00
525,525,255.32000732421875,255.99000549316406,254.9302978515625,255.9149932861328,902635,2025-10-10 09:35:00
526,526,256.29290771484375,256.29290771484375,256.29290771484375,256.29290771484375,660091,2025-10-10 09:40:00
527,527,255.4499969482422,255.4499969482422,255.4499969482422,255.4499969482422,861085,2025-10-10 09:45:00
528,528,255.19000244140625,255.19000244140625,255.19000244140625,255.19000244140625,103929,2025-10-10 09:50:00
529,529,255.17999267578125,255.26499938964844,254.9199981689453,255.25999450683594,809807,2025-10-10 09:55:00
530,530,255.6699981689453,255.6699981689453,255.6699981689453,255.6699981689453,744646,2025-10-10 10:00:00
531,531,255.89999389648438,255.89999389648438,255.77999877929688,255.77999877929688,377344,2025-10-10 10:10:00
532,532,254.8800048828125,255.11000061035156,254.8800048828125,255.07000732421875,173132,2025-10-10 10:15:00
533,533,255.17999267578125,255.17999267578125,255.17999267578125,255.17999267578125,1224881,2025-10-10 10:20:00
534,534,255.1999969482422,255.3000030517578,255.0800018310547,255.08999633789062,62686,2025-10-10 10:40:00
535,535,255.1033935546875,255.1033935546875,255.1033935546875,255.1033935546875,737188,2025-10-10 10:45:00
536,536,253.91600036621094,253.9199981689453,253.07000732421875,253.08999633789062,675816,2025-10-10 10:55:00
537,537,251.64500427246094,251.64500427246094,251.4600067138672,251.4600067138672,1437820,2025-10-10 11:00:00
538,538,251.50999450683594,251.7220001220703,250.58999633789062,250.61500549316406,1398211,2025-10-10 11:05:00
539,539,250.22999572753906,251.4199981689453,250.22999572753906,251.4199981689453,1436316,2025-10-10 11:10:00
540,540,251.27000427246094,251.27000427246094,250.30499267578125,250.30499267578125,749112,2025-10-10 11:15:00
541,541,250.1741943359375,250.18800354003906,248.9499969482422,249.06500244140625,1926559,2025-10-10 11:20:00
542,542,249.05499267578125,249.52999877929688,249.02999877929688,249.41000366210938,1569104,2025-10-10 11:25:00
543,543,249.0399932861328,249.07000732421875,248.4550018310547,248.4550018310547,823009,2025-10-10 11:30:00
544,544,248.95550537109375,249.2899932861328,248.80499267578125,249.13999938964844,1201521,2025-10-10 11:35:00
545,545,249.0,249.3000030517578,248.99000549316406,249.27000427246094,687177,2025-10-10 11:40:00
546,546,249.6649932861328,249.6649932861328,249.39999389648438,249.39999389648438,770561,2025-10-10 11:45:00
547,547,249.25,249.25999450683594,249.22000122070312,249.24000549316406,549812,2025-10-10 11:50:00
548,548,248.80999755859375,248.94000244140625,248.55999755859375,248.7899932861328,316255,2025-10-10 11:55:00
549,549,248.77000427246094,248.7899932861328,247.7899932861328,247.8300018310547,786363,2025-10-10 12:00:00
550,550,247.80999755859375,248.70779418945312,247.75999450683594,248.52999877929688,463856,2025-10-10 12:05:00
551,551,248.52499389648438,249.02000427246094,248.17999267578125,248.85000610351562,417182,2025-10-10 12:10:00
552,552,248.85000610351562,248.9600067138672,248.32000732421875,248.52000427246094,347132,2025-10-10 12:15:00
553,553,248.52000427246094,248.85000610351562,248.26499938964844,248.5800018310547,353578,2025-10-10 12:20:00
554,554,248.5399932861328,248.8199005126953,248.41229248046875,248.61000061035156,272881,2025-10-10 12:25:00
555,555,248.58999633789062,249.05999755859375,248.4199981689453,248.47999572753906,422882,2025-10-10 12:30:00
556,556,248.47500610351562,248.75990295410156,248.26010131835938,248.49000549316406,221217,2025-10-10 12:35:00
557,557,248.4600067138672,248.53500366210938,247.94000244140625,247.94000244140625,343914,2025-10-10 12:40:00
558,558,247.94000244140625,248.42999267578125,247.80999755859375,247.82000732421875,365405,2025-10-10 12:45:00
559,559,247.8249969482422,247.8699951171875,247.32000732421875,247.5399932861328,513536,2025-10-10 12:50:00
560,560,247.54600524902344,247.89999389648438,247.41009521484375,247.49000549316406,401228,2025-10-10 12:55:00
561,561,247.5,247.66000366210938,247.05999755859375,247.25999450683594,472837,2025-10-10 13:00:00
562,562,247.3000030517578,247.4499969482422,247.1300048828125,247.3300018310547,322940,2025-10-10 13:05:00
563,563,247.3249969482422,247.6999969482422,247.07000732421875,247.154296875,442610,2025-10-10 13:10:00
564,564,247.1999969482422,247.6199951171875,247.11000061035156,247.33999633789062,316753,2025-10-10 13:15:00
565,565,247.3300018310547,247.75,247.1929931640625,247.60000610351562,302258,2025-10-10 13:20:00
566,566,247.61000061035156,247.8800048828125,247.55999755859375,247.80999755859375,269415,2025-10-10 13:25:00
567,567,247.77000427246094,248.08700561523438,247.67999267578125,248.05430603027344,322256,2025-10-10 13:30:00
568,568,248.0500030517578,248.30099487304688,247.91000366210938,247.98500061035156,325801,2025-10-10 13:35:00
569,569,247.98500061035156,248.4199981689453,247.98500061035156,248.22000122070312,445167,2025-10-10 13:40:00
570,570,248.2093048095703,248.57000732421875,248.02999877929688,248.25999450683594,476851,2025-10-10 13:45:00
571,571,248.25,248.2949981689453,248.0500030517578,248.16000366210938,277003,2025-10-10 13:50:00
572,572,248.14500427246094,248.3800048828125,247.72999572753906,248.00999450683594,989417,2025-10-10 13:55:00
573,573,248.0399932861328,248.0500030517578,247.45010375976562,247.58999633789062,408439,2025-10-10 14:00:00
574,574,247.60499572753906,247.7100067138672,247.4199981689453,247.4600067138672,297326,2025-10-10 14:05:00
575,575,247.46499633789062,247.72000122070312,247.3011932373047,247.63009643554688,351540,2025-10-10 14:10:00
576,576,247.63999938964844,247.8000030517578,247.11500549316406,247.2899932861328,330550,2025-10-10 14:15:00
577,577,247.2830047607422,247.61000061035156,247.27000427246094,247.52000427246094,321249,2025-10-10 14:20:00
578,578,247.52000427246094,247.56900024414062,247.0800018310547,247.16000366210938,337383,2025-10-10 14:25:00
579,579,247.13710021972656,247.30999755859375,246.55999755859375,246.55999755859375,581729,2025-10-10 14:30:00
580,580,246.55999755859375,246.72000122070312,246.4600067138672,246.5850067138672,469838,2025-10-10 14:35:00
581,581,246.5800018310547,246.58999633789062,246.1300048828125,246.16000366210938,427085,2025-10-10 14:40:00
582,582,246.1699981689453,246.5500030517578,246.0399932861328,246.22500610351562,422373,2025-10-10 14:45:00
583,583,246.24000549316406,246.27499389648438,245.8300018310547,245.89999389648438,493344,2025-10-10 14:50:00
584,584,245.90499877929688,246.23789978027344,245.81500244140625,245.99949645996094,454997,2025-10-10 14:55:00
585,585,246.0,246.4001007080078,245.97999572753906,246.25999450683594,390957,2025-10-10 15:00:00
586,586,246.27000427246094,246.3000030517578,246.0970001220703,246.15499877929688,311868,2025-10-10 15:05:00
587,587,246.1699981689453,246.25999450683594,245.88999938964844,246.11599731445312,483766,2025-10-10 15:10:00
588,588,246.1199951171875,246.35000610351562,246.0,246.16000366210938,425640,2025-10-10 15:15:00
589,589,246.14999389648438,246.22999572753906,246.00999450683594,246.0500030517578,415825,2025-10-10 15:20:00
590,590,246.0500030517578,246.22999572753906,245.92999267578125,246.1649932861328,549417,2025-10-10 15:25:00
591,591,246.1699981689453,246.49000549316406,246.0500030517578,246.08999633789062,572538,2025-10-10 15:30:00
592,592,246.10159301757812,246.10499572753906,245.8800048828125,245.9550018310547,679480,2025-10-10 15:35:00
593,593,245.94000244140625,246.99000549316406,245.9199981689453,246.88999938964844,873271,2025-10-10 15:40:00
594,594,246.91000366210938,246.97999572753906,246.2100067138672,246.22999572753906,693630,2025-10-10 15:45:00
595,595,246.25,246.25,245.11000061035156,245.2449951171875,1500470,2025-10-10 15:50:00
596,596,245.24000549316406,245.57000732421875,244.57000732421875,245.27999877929688,4200502,2025-10-10 15:55:00
